{
  "mlp_nlp_metrics": {
    "accuracy": 0.9340389630311398,
    "precision": 0.9685749844430616,
    "recall": 0.9044160371876816,
    "f1": 0.9353966346153846,
    "roc_auc": 0.9811273384638365
  },
  "mlp_no_nlp_metrics": {
    "accuracy": 0.9331185764687836,
    "precision": 0.9705698184095178,
    "recall": 0.9006391632771644,
    "f1": 0.9342977697408077,
    "roc_auc": 0.981211371807512
  },
  "training_losses": [
    0.22290778392754448,
    0.1861514238012166,
    0.1787357166478056,
    0.1734707375931228,
    0.17059275006041205,
    0.1679554837567309,
    0.16657871618592665,
    0.16312986320924538,
    0.16411746647551748,
    0.1613798911734684,
    0.16155938196561637,
    0.16053870939221118,
    0.1586904748314363,
    0.1587323809625364,
    0.15817566062180907,
    0.15778014103830593,
    0.15567525810122124,
    0.15689109224780387,
    0.15568583684693452,
    0.15721128670715848,
    0.15407737748457428,
    0.15202583771176134,
    0.15180634152875538,
    0.1529693240174121,
    0.1512560765070418,
    0.1498977392020584,
    0.1500818544827356,
    0.15225553338078815,
    0.15227306579679617,
    0.14946842626354262
  ],
  "nlp_helped_count": 46,
  "nlp_hurt_count": 40,
  "feature_set": [
    "nlp_confidence",
    "nlp_label",
    "nlp_signed_confidence",
    "forum_engagement_ratio",
    "forum_silence",
    "late_forum_dropoff",
    "forum_vs_content_ratio",
    "total_clicks",
    "total_days_active",
    "mean_daily_clicks",
    "activity_diversity",
    "average_score",
    "cumulative_score",
    "completed_assessments_ratio",
    "learning_pace",
    "late_submission_ratio",
    "module_engagement_rate",
    "engagement_slope",
    "early_engagement_ratio",
    "registration_date",
    "num_of_prev_attempts",
    "studied_credits",
    "age_band_numeric",
    "education_numeric"
  ]
}